{"cameraMode":{"drawMode":0,"name":"Shaded","section":"Shading Mode"},"sceneLighting":false,"audioPlay":false,"sceneViewState":{"m_AlwaysRefresh":false,"showFog":true,"showSkybox":true,"showFlares":true,"showImageEffects":true,"showParticleSystems":true,"showVisualEffectGraphs":true,"m_FxEnabled":true},"in2DMode":false,"pivot":{"x":3.0797109603881838,"y":2.82795786857605,"z":-1.336776852607727},"rotation":{"x":0.006090756505727768,"y":0.9929019808769226,"z":-0.10344460606575012,"w":0.058450810611248019},"size":3.5660250186920168,"orthographic":false}