{"cameraMode":{"drawMode":0,"name":"Shaded","section":"Shading Mode"},"sceneLighting":false,"audioPlay":false,"sceneViewState":{"m_AlwaysRefresh":false,"showFog":true,"showSkybox":true,"showFlares":true,"showImageEffects":true,"showParticleSystems":true,"showVisualEffectGraphs":true,"m_FxEnabled":true},"in2DMode":false,"pivot":{"x":-17.63114356994629,"y":3.624037027359009,"z":-12.423322677612305},"rotation":{"x":0.16017620265483857,"y":-0.0021765688434243204,"z":-0.000964639475569129,"w":0.9874332547187805},"size":3.434427499771118,"orthographic":false}